<?xml version="1.0" encoding="UTF-8" standalone="no" ?>
<application xmlns="http://ns.adobe.com/air/application/3.2">
  <id>inappSample</id>
  <versionNumber>1.0.0</versionNumber>
  <versionLabel/>
  <filename>inappSample_consume</filename>
  <description/>
  <!-- To localize the description, use the following format for the description element.<description><text xml:lang="en">English App description goes here</text><text xml:lang="fr">French App description goes here</text><text xml:lang="ja">Japanese App description goes here</text></description>-->
  <name>inappSample_consume</name>
  <!-- To localize the name, use the following format for the name element.<name><text xml:lang="en">English App name goes here</text><text xml:lang="fr">French App name goes here</text><text xml:lang="ja">Japanese App name goes here</text></name>-->
  <copyright/>
  <initialWindow>
    <content>inappSample_consume.swf</content>
    <systemChrome>standard</systemChrome>
    <transparent>false</transparent>
    <visible>true</visible>
    <fullScreen>true</fullScreen>
    <aspectRatio>portrait</aspectRatio>
    <renderMode>cpu</renderMode>
    <autoOrients>false</autoOrients></initialWindow>
  <icon/>
  <customUpdateUI>false</customUpdateUI>
  <allowBrowserInvocation>false</allowBrowserInvocation>
  <android>
    <manifestAdditions>
      <![CDATA[<manifest>
<uses-permission android:name="android.permission.INTERNET"/>
<uses-permission android:name="com.farsitel.bazaar.permission.PAY_THROUGH_BAZAAR"/>
<application android:enabled="true">
<activity android:name="com.pozirk.payment.BillingActivity" android:theme="@android:style/Theme.Translucent.NoTitleBar.Fullscreen" android:background="#30000000" />
</application>
</manifest>]]>
    </manifestAdditions>
  </android>
  <extensions>
    <extensionID>com.pozirk.AndroidInAppPurchase</extensionID>
  </extensions>
</application>
